{"stats":{"minecraft:dropped":{"minecraft:cooked_mutton":1},"minecraft:custom":{"minecraft:interact_with_furnace":38,"minecraft:mob_kills":42,"minecraft:interact_with_crafting_table":12,"minecraft:leave_game":2,"minecraft:time_since_death":7491,"minecraft:sleep_in_bed":2,"minecraft:time_since_rest":7518,"minecraft:sprint_one_cm":152719,"minecraft:damage_taken":1338,"minecraft:walk_one_cm":164466,"minecraft:damage_blocked_by_shield":494,"minecraft:drop":1,"minecraft:damage_dealt":3059,"minecraft:swim_one_cm":27804,"minecraft:fly_one_cm":241452,"minecraft:crouch_one_cm":847,"minecraft:play_time":49189,"minecraft:deaths":3,"minecraft:sneak_time":250,"minecraft:walk_under_water_one_cm":11554,"minecraft:jump":1503,"minecraft:walk_on_water_one_cm":14030,"minecraft:total_world_time":49189,"minecraft:fall_one_cm":54509},"minecraft:crafted":{"minecraft:cooked_beef":5,"minecraft:cooked_porkchop":14,"minecraft:crafting_table":4,"minecraft:wooden_pickaxe":1,"minecraft:cooked_chicken":4,"minecraft:furnace":4,"minecraft:stone_axe":1,"minecraft:cooked_mutton":5,"minecraft:air":0,"minecraft:stick":24,"minecraft:iron_ingot":20,"minecraft:iron_pickaxe":1,"minecraft:stone_pickaxe":1,"minecraft:stone_sword":1,"minecraft:acacia_planks":48,"minecraft:torch":60,"minecraft:gray_bed":1},"minecraft:used":{"minecraft:cooked_mutton":4,"minecraft:diorite":3,"minecraft:stone_sword":72,"minecraft:stone_pickaxe":78,"minecraft:wooden_pickaxe":3,"minecraft:shield":7,"minecraft:cooked_chicken":4,"minecraft:torch":9,"minecraft:dirt":1,"minecraft:mutton":1,"minecraft:crafting_table":5,"minecraft:acacia_sapling":1,"minecraft:apple":1,"minecraft:iron_pickaxe":118,"minecraft:stone_axe":17,"minecraft:cobblestone":38,"minecraft:beef":2,"minecraft:furnace":4,"minecraft:cooked_porkchop":2,"minecraft:gray_bed":2,"minecraft:cooked_beef":1},"minecraft:killed":{"minecraft:pig":8,"minecraft:salmon":16,"minecraft:sheep":4,"minecraft:skeleton":2,"minecraft:zombie":1,"minecraft:chicken":4,"minecraft:cow":6},"minecraft:picked_up":{"minecraft:crafting_table":1,"minecraft:cooked_beef":5,"minecraft:feather":12,"minecraft:chicken":4,"minecraft:salmon":32,"minecraft:leather":12,"minecraft:wooden_pickaxe":3,"minecraft:oak_log":18,"minecraft:shield":3,"minecraft:dirt":1,"minecraft:acacia_planks":40,"minecraft:apple":4,"minecraft:iron_ingot":17,"minecraft:cooked_chicken":2,"minecraft:beef":19,"minecraft:stone_pickaxe":2,"minecraft:iron_pickaxe":1,"minecraft:sugar_cane":4,"minecraft:gray_bed":3,"minecraft:birch_sapling":2,"minecraft:acacia_sapling":3,"minecraft:furnace":6,"minecraft:stick":12,"minecraft:raw_iron":50,"minecraft:cooked_porkchop":12,"minecraft:torch":51,"minecraft:acacia_log":22,"minecraft:porkchop":14,"minecraft:diorite":3,"minecraft:stone_sword":3,"minecraft:arrow":6,"minecraft:rotten_flesh":11,"minecraft:stone_axe":1,"minecraft:gray_wool":9,"minecraft:mutton":16,"minecraft:coal":178,"minecraft:white_wool":2,"minecraft:cobblestone":102},"minecraft:mined":{"minecraft:acacia_leaves":2,"minecraft:crafting_table":1,"minecraft:short_grass":4,"minecraft:acacia_log":13,"minecraft:grass_block":1,"minecraft:cobblestone":10,"minecraft:sugar_cane":1,"minecraft:diorite":6,"minecraft:furnace":3,"minecraft:iron_ore":32,"minecraft:gray_bed":2,"minecraft:birch_leaves":1,"minecraft:oak_log":10,"minecraft:coal_ore":64,"minecraft:stone":72,"minecraft:oak_leaves":8},"minecraft:killed_by":{"minecraft:zombie":2,"minecraft:iron_golem":1}},"DataVersion":3953}