{"stats":{"minecraft:custom":{"minecraft:time_since_rest":4668,"minecraft:crouch_one_cm":169,"minecraft:sprint_one_cm":5073,"minecraft:play_time":4668,"minecraft:walk_one_cm":8397,"minecraft:sneak_time":36,"minecraft:jump":28,"minecraft:leave_game":2,"minecraft:time_since_death":4668,"minecraft:total_world_time":4668,"minecraft:interact_with_crafting_table":1,"minecraft:fly_one_cm":18725,"minecraft:fall_one_cm":1312},"minecraft:used":{"minecraft:dirt":2,"minecraft:crafting_table":1,"minecraft:spruce_sapling":1},"minecraft:crafted":{"minecraft:crafting_table":1,"minecraft:spruce_wood":3,"minecraft:spruce_planks":12},"minecraft:mined":{"minecraft:grass_block":2,"minecraft:spruce_leaves":5,"minecraft:spruce_log":7,"minecraft:fern":1},"minecraft:picked_up":{"minecraft:stick":2,"minecraft:spruce_sapling":1,"minecraft:spruce_log":7,"minecraft:dirt":2}},"DataVersion":3700}