{"stats":{"minecraft:dropped":{"minecraft:shield":1,"minecraft:wooden_pickaxe":1},"minecraft:custom":{"minecraft:interact_with_furnace":34,"minecraft:mob_kills":39,"minecraft:interact_with_crafting_table":12,"minecraft:leave_game":1,"minecraft:time_since_death":27728,"minecraft:sleep_in_bed":3,"minecraft:climb_one_cm":1916,"minecraft:time_since_rest":2522,"minecraft:sprint_one_cm":108397,"minecraft:damage_taken":798,"minecraft:walk_one_cm":86978,"minecraft:damage_blocked_by_shield":240,"minecraft:drop":2,"minecraft:damage_dealt":3793,"minecraft:talked_to_villager":1,"minecraft:swim_one_cm":58474,"minecraft:fly_one_cm":262467,"minecraft:open_chest":8,"minecraft:crouch_one_cm":3162,"minecraft:play_time":48489,"minecraft:deaths":1,"minecraft:sneak_time":2042,"minecraft:walk_under_water_one_cm":16996,"minecraft:jump":1273,"minecraft:walk_on_water_one_cm":13498,"minecraft:total_world_time":48489,"minecraft:fall_one_cm":43853},"minecraft:crafted":{"minecraft:oak_planks":20,"minecraft:cooked_porkchop":35,"minecraft:crafting_table":1,"minecraft:wooden_pickaxe":1,"minecraft:furnace":1,"minecraft:stone_axe":3,"minecraft:cooked_mutton":3,"minecraft:air":0,"minecraft:shield":2,"minecraft:stick":28,"minecraft:iron_ingot":6,"minecraft:iron_pickaxe":1,"minecraft:stone_pickaxe":2,"minecraft:chest":1,"minecraft:white_bed":1,"minecraft:acacia_planks":24,"minecraft:torch":40},"minecraft:used":{"minecraft:wheat_seeds":1,"minecraft:cooked_mutton":6,"minecraft:acacia_log":3,"minecraft:stone_pickaxe":135,"minecraft:chest":1,"minecraft:wooden_pickaxe":12,"minecraft:shield":6,"minecraft:dirt":4,"minecraft:crafting_table":4,"minecraft:white_bed":3,"minecraft:iron_pickaxe":2,"minecraft:stone_axe":84,"minecraft:cobblestone":20,"minecraft:cooked_porkchop":5,"minecraft:furnace":5},"minecraft:killed":{"minecraft:pig":21,"minecraft:zombie_villager":1,"minecraft:sheep":4,"minecraft:skeleton":1,"minecraft:zombie":2,"minecraft:chicken":4,"minecraft:cow":6},"minecraft:picked_up":{"minecraft:crafting_table":6,"minecraft:feather":5,"minecraft:chicken":4,"minecraft:leather":5,"minecraft:wooden_pickaxe":1,"minecraft:oak_log":8,"minecraft:shield":1,"minecraft:dirt":10,"minecraft:cooked_mutton":3,"minecraft:wheat_seeds":3,"minecraft:beef":14,"minecraft:iron_ingot":1,"minecraft:stone_pickaxe":2,"minecraft:iron_pickaxe":1,"minecraft:sugar_cane":21,"minecraft:furnace":6,"minecraft:raw_iron":11,"minecraft:torch":40,"minecraft:acacia_log":31,"minecraft:porkchop":46,"minecraft:white_bed":3,"minecraft:rotten_flesh":2,"minecraft:stone_axe":1,"minecraft:granite":12,"minecraft:mutton":5,"minecraft:coal":190,"minecraft:white_wool":5,"minecraft:cobblestone":74},"minecraft:mined":{"minecraft:acacia_leaves":4,"minecraft:white_bed":2,"minecraft:crafting_table":4,"minecraft:granite":6,"minecraft:short_grass":7,"minecraft:acacia_log":20,"minecraft:grass_block":2,"minecraft:cobblestone":3,"minecraft:sugar_cane":8,"minecraft:furnace":4,"minecraft:iron_ore":11,"minecraft:wheat":1,"minecraft:coal_ore":75,"minecraft:oak_log":5,"minecraft:dirt":5,"minecraft:stone":47,"minecraft:oak_leaves":1},"minecraft:killed_by":{"minecraft:pufferfish":1}},"DataVersion":3953}